{
    "masterVolume": 0.46299001574516299,
    "sfxVolume": 0.3630000054836273,
    "musicVolume": 0.3630000054836273,
    "uiVolume": 1.0,
    "fov": 90,
    "brightness": 0.0,
    "graphicsQuality": 2,
    "invertX": false,
    "invertY": false,
    "waveCount": 4
}