{
    "masterVolume": 0.7823206186294556,
    "sfxVolume": 0.6085734367370606,
    "musicVolume": 0.4894326627254486,
    "fov": 90,
    "graphicsQuality": 2
}