{
    "masterVolume": 0.00009999999747378752,
    "sfxVolume": 0.3891558349132538,
    "musicVolume": 0.6049379110336304,
    "uiVolume": 0.06221943721175194,
    "fov": 90,
    "graphicsQuality": 2,
    "invertX": false,
    "invertY": false
}