{
    "masterVolume": 1.0,
    "sfxVolume": 0.4120413362979889,
    "musicVolume": 0.3630000054836273,
    "uiVolume": 0.3630000054836273,
    "fov": 90,
    "brightness": 0.0,
    "graphicsQuality": 1,
    "invertX": false,
    "invertY": false,
    "waveCount": 10
}