{
    "masterVolume": 1.0,
    "sfxVolume": 1.0,
    "musicVolume": 0.34829434752464297,
    "uiVolume": 0.10308733582496643,
    "fov": 80,
    "graphicsQuality": 2,
    "invertX": false,
    "invertY": false
}