{
    "masterVolume": 1.0,
    "sfxVolume": 0.7477826476097107,
    "musicVolume": 0.06679707765579224,
    "fov": 91,
    "graphicsQuality": 0
}