{
    "masterVolume": 0.4956223666667938,
    "sfxVolume": 0.5047332644462586,
    "musicVolume": 1.0,
    "uiVolume": 1.0,
    "fov": 80,
    "graphicsQuality": 2,
    "invertX": false,
    "invertY": false
}