{
    "masterVolume": 0.35663992166519167,
    "sfxVolume": 0.18909835815429688,
    "musicVolume": 0.4894326627254486,
    "fov": 90,
    "graphicsQuality": 0
}