{
    "masterVolume": 1.0,
    "sfxVolume": 1.0,
    "musicVolume": 0.4055086672306061,
    "uiVolume": 0.057315144687891009,
    "fov": 90,
    "graphicsQuality": 2,
    "invertX": false,
    "invertY": false
}