{
    "masterVolume": 1.0,
    "sfxVolume": 0.34423545002937319,
    "musicVolume": 0.06679707765579224,
    "fov": 90,
    "graphicsQuality": 2
}