{
    "masterVolume": 0.3630000054836273,
    "sfxVolume": 0.3630000054836273,
    "musicVolume": 0.3630000054836273,
    "uiVolume": 0.3630000054836273,
    "fov": 80,
    "graphicsQuality": 2,
    "invertX": false,
    "invertY": false
}